TAZ,Poly,Area,Weight,GenEdge,PedEdge
31,126842,129,0.6649484536082474,149891,149891
31,121415,49,0.25257731958762886,-149891,-149891
31,123504,16,0.08247422680412371,149891,149891
