TAZ,Poly,Area,Weight,GenEdge,PedEdge
42,121542,288,0.8545994065281899,149865#0,149865#0
42,115101,49,0.14540059347181009,149865#0,149865#0
