TAZ,Poly,Area,Weight,GenEdge,PedEdge
45,124925,14,0.00775623268698061,150069,150069
45,116354,486,0.2692520775623269,150069,150069
45,118236,1305,0.7229916897506925,150069,150069
