TAZ,Poly,Area,Weight,GenEdge,PedEdge
41,116221,33,0.7857142857142857,-149873,-149873
41,123683,9,0.21428571428571427,-149873,-149873
