TAZ,Poly,Area,Weight,GenEdge,PedEdge
42,634,49,0.14540059347181009,14526#0,14526#0
42,7075,288,0.8545994065281899,14526#0,14526#0
