TAZ,Poly,Area,Weight,GenEdge,PedEdge
41,9216,9,0.21428571428571427,-14534,-14534
41,1754,33,0.7857142857142857,-14534,-14534
