TAZ,Poly,Area,Weight,GenEdge,PedEdge
45,3769,1305,0.7229916897506925,14732,14732
45,10458,14,0.00775623268698061,14732,14732
45,1887,486,0.2692520775623269,14732,14732
