TAZ,Poly,Area,Weight,GenEdge,PedEdge
42,118468,49,0.14540059347181009,153457#0,153457#0
42,124909,288,0.8545994065281899,153457#0,153457#0
