TAZ,Poly,Area,Weight,GenEdge,PedEdge
31,6948,49,0.25257731958762886,-14552,-14552
31,9037,16,0.08247422680412371,14552,14552
31,12375,129,0.6649484536082474,14552,14552
