TAZ,Poly,Area,Weight,GenEdge,PedEdge
41,119588,33,0.7857142857142857,-153455,-153455
41,127050,9,0.21428571428571427,-153455,-153455
