TAZ,Poly,Area,Weight,GenEdge,PedEdge
45,128292,14,0.00775623268698061,153658,153658
45,119721,486,0.2692520775623269,153658,153658
45,121603,1305,0.7229916897506925,153658,153658
