TAZ,Poly,Area,Weight,GenEdge,PedEdge
31,130209,129,0.6649484536082474,153473,153473
31,124782,49,0.25257731958762886,-153473,-153473
31,126871,16,0.08247422680412371,153473,153473
